[{"id":"eZEjQIQIJIgWIZ2l351VQ1bq0wX5DaIvUcn2vFGgivo=","chats":"#command"},{"id":"9rd4kejR76STIeuj8T4Pdy+iYOPXb+hz3AtXk/tqcBI=","chats":"#autoread on"},{"id":"jZAwhxeOUqLh3ED5EUq26MZuxb9ZqGUBoQ1PXjoE2Bs=","chats":"#add"},{"id":"SGAlF7v6zn1DejTaYLbHxOAPQDWXd+1/g7p1ts0XWRQ=","chats":"#group menu"},{"id":"SGAlF7v6zn1DejTaYLbHxOAPQDWXd+1/g7p1ts0XWRQ=","chats":"#groupmenu"},{"id":"bRVyrYsL3dbMamOgCOjWqc7Y2GJmLfpoHiA4rF8H2+A=","chats":"#listonline"},{"id":"if2KwcBtUg81EIVpL2KBSFI/05hhnpMR12wNoLuixTU=","chats":"#kick"},{"id":"FlYWAuJjyp5xXQdp4qqueN7wLc8ifN9+oDntM9u0YPE=","chats":"#makermenu"},{"id":"r+1Yk4BjQ+fFYDllXggFOj3+HUnyXz+Hcrqon7g3nXI=","chats":"#animemenu"},{"id":"qfvsE3/4E0bHS+mMqZtlbM0OCG1jHelkhwYh4EEDD8Q=","chats":"#nsfw on"},{"id":"rwnXpxvyuXmeXabNwP5YI+0TkOIqumailb0piOemeuA=","chats":"#nsfw off"},{"id":"d9wgjhqDqJHQKTawOK3qbfbMBMpymzedqn413E5jKj0=","chats":"#othermenu"},{"id":"XSM0XKk2G8DnuuCQ70Y/pKeA2M/GnXZJsARxpy0P9/Q=","chats":"#kontol"},{"id":"wuwRvGkgz4I/Zh3dsI+coGHpbuFkWRUcfpmluSBycic=","chats":"#funmenu"},{"id":"XSM0XKk2G8DnuuCQ70Y/pKeA2M/GnXZJsARxpy0P9/Q=","chats":"asu"},{"id":"7CrpObaxfCvtSoF5o1QYwtf8gXsbKVFxYBhbcmdEHGs=","chats":"#morse"},{"id":"p1EQRv+NWX7z+HCUHjhqjBy16sg/LSjJZnVwbk1F39g=","chats":"#bugsw"},{"id":"7CrpObaxfCvtSoF5o1QYwtf8gXsbKVFxYBhbcmdEHGs=","chats":"#morse"},{"id":"/qCy0cYb4E3bUiD+CU9llU6xPzzaRhHOgKv5sFJLARg=","chats":"#command"},{"id":"Nbzt6bmmKikTbPWABjBPQkIoni4Tw+EY1br7Ndb+1rA=","chats":"#runtime"},{"id":"d7H6uTFAErfxHfChm2i6gQVRCIbd9+4YINPhH0rm7IU=","chats":"#autoketik"},{"id":"a8b9J4yurDWz34wT1E2YfNK2bIr2iIh5CUkLZLTfOb8=","chats":"#listonline"},{"id":"/qCy0cYb4E3bUiD+CU9llU6xPzzaRhHOgKv5sFJLARg=","chats":"#command"},{"id":"CUTgW6hiWPSuU2AgJH4qqgBUXWEH9BoJPqSCn93Cyaw=","chats":"#nsfw on"},{"id":"iHVuo/IFr8PSi+8pSnUbMYDkcnOnDktLeb3C4Fo05sY=","chats":"#nsfw off"},{"id":"wkDq8sVbyDFSqivy4VJTZZ3zNE2nvie0NeJIdF2UsFc=","chats":"#linkgrup"},{"id":"KbTRfj4QfMAF5XrfAf0JC4DzJuFkgWJDOqDZnwpfmKA=","chats":"#grup tutup"},{"id":"PhiptXKC06ADKaPa2OAriFKk+O9yjmpJAumO/8HWoYQ=","chats":"#grup buka"},{"id":"LVSYQrZhEE4yPKrpLqN3MSvN7oeB9l3O2pJHSN7lc8c=","chats":"#bugvideo"},{"id":"kN4abO1QlK/no0QB3x/gTAc6eLNX8zr9STLmTlBmF+8=","chats":"#bugsw"},{"id":"+ei8wjBGA/1zFKCLtwkm+hBhITrlw1fewYIAdPmevrc=","chats":"#sayasudahdonasi"},{"id":"6aIKJwInvzvzk5Vd1FPCvF0ygpKaueOSvEdNeIoqgtg=","chats":"#sayasudahdonasi"},{"id":"1f8OXthXKm5NhWoWkSRpf025QYpAlu009npPpAF/Tok=","chats":"#tagall Owner RZ Ganteng Bat Aselii"},{"id":"szFQlRTUZhiu4pbbd3Aj4YididZ+WS4oBVc3SbavvKE=","chats":"#grup buka"},{"id":"ww3RFKUIpr+wHhZ7xRAgwjqzhuEMKmiLdw0Z/iilR4Q=","chats":"#grup tutup"},{"id":"bEyu8od9EbGn7j878jY3BlfX/fGpFcJkIEfqtHgZsOM=","chats":"#ping"}]